"key","source_page","source","type","local_files","treatment"
"r-drizilik","","Drizilik, supplied photo (photographer credit to be added)","artist photo","assets/img/r-drizilik-[480|900|1400].webp; -[480|900].avif; -900.png","background removed, monochrome"
"r-laj","","King Boss LA, supplied photo (photographer credit to be added)","artist photo","assets/img/r-laj-[480|900|1400].webp; -[480|900].avif; -900.png","background removed, monochrome"
"r-incredible-jj","","Incredible JJ, supplied photo (photographer credit to be added)","artist photo","assets/img/r-incredible-jj-[480|900|1400].webp; -[480|900].avif; -900.png","background removed, monochrome"
"r-bakitenno","","Bakitenno, supplied photo (photographer credit to be added)","artist photo","assets/img/r-bakitenno-[480|900|1400].webp; -[480|900].avif; -900.png","background removed, monochrome"
"r-famous","","Famous, supplied photo (photographer credit to be added)","artist photo","assets/img/r-famous-[480|900|1400].webp; -[480|900].avif; -900.png","background removed, monochrome"
"r-apreel","","ApreeL, supplied photo (photographer credit to be added)","artist photo","assets/img/r-apreel-[480|900|1400].webp; -[480|900].avif; -900.png","background removed, monochrome"
"r-isat","","Isat, supplied photo (photographer credit to be added)","artist photo","assets/img/r-isat-[480|900|1400].webp; -[480|900].avif; -900.png","background removed, monochrome"
"r-samza","","Samza, supplied photo (photographer credit to be added)","artist photo","assets/img/r-samza-[480|900|1400].webp; -[480|900].avif; -900.png","background removed, monochrome"
"r-d4nny","","D4nny, supplied photo (photographer credit to be added)","artist photo","assets/img/r-d4nny-[480|900|1400].webp; -[480|900].avif; -900.png","background removed, monochrome"
"r-itribe","","I-Tribe, supplied photo (photographer credit to be added)","artist photo","assets/img/r-itribe-[480|900|1400].webp; -[480|900].avif; -900.png","background removed, monochrome"
"r-the-therapist","","The Therapist, supplied photo (photographer credit to be added)","artist photo","assets/img/r-the-therapist-[480|900|1400].webp; -[480|900].avif; -900.png","background removed, monochrome"
"r-boii","","BOII, supplied photo (photographer credit to be added)","artist photo","assets/img/r-boii-[480|900|1400].webp; -[480|900].avif; -900.png","background removed, monochrome"
"r-kao-denero","","Kao Denero, supplied photo (photographer credit to be added)","artist photo","assets/img/r-kao-denero-[480|900|1400].webp; -[480|900].avif; -900.png","background removed, monochrome"
"r-star-zee","","Star Zee, supplied photo (photographer credit to be added)","artist photo","assets/img/r-star-zee-[480|900|1400].webp; -[480|900].avif; -900.png","background removed, monochrome"
"r-emmerson","","Emmerson, supplied photo (photographer credit to be added)","artist photo","assets/img/r-emmerson-[480|900|1400].webp; -[480|900].avif; -900.png","background removed, monochrome"
"r-boii-2","","BOII (second photo), supplied photo (photographer credit to be added)","artist photo","assets/img/r-boii-2-[480|900|1400].webp; -[480|900].avif; -900.png","background removed, monochrome"
"cover-audacity-album","","Supplied cover artwork","release cover","assets/img/cover-audacity-album-[500|1000].webp","square crop, colour"
"cover-the-maths","","Supplied cover artwork","release cover","assets/img/cover-the-maths-[500|1000].webp","square crop, colour"
"cover-aunty-kadie","","Supplied cover artwork","release cover","assets/img/cover-aunty-kadie-[500|1000].webp","square crop, colour"
"cover-money-or-honey","","Supplied cover artwork","release cover","assets/img/cover-money-or-honey-[500|1000].webp","square crop, colour"
"cover-wait-and-see","","Supplied cover artwork","release cover","assets/img/cover-wait-and-see-[500|1000].webp","square crop, colour"
"cover-a-perfect-time","","Supplied cover artwork","release cover","assets/img/cover-a-perfect-time-[500|1000].webp","square crop, colour"
"r-t-ansumana","https://www.pexels.com/photo/a-happy-man-smiling-7562185/","VAZHNIK / Pexels","team PLACEHOLDER (replace with real photo)","assets/img/r-t-ansumana-[480|900|1400].webp; -[480|900].avif; -900.png","background removed, monochrome, edge-refined"
"r-t-alpha","https://www.pexels.com/photo/close-up-photo-of-man-s-face-2743754/","David Kwewum / Pexels","team PLACEHOLDER (replace with real photo)","assets/img/r-t-alpha-[480|900|1400].webp; -[480|900].avif; -900.png","background removed, monochrome, edge-refined"
"r-t-michael","https://www.pexels.com/photo/confident-african-male-in-red-shirt-portrait-30386124/","Boko Shots / Pexels","team PLACEHOLDER (replace with real photo)","assets/img/r-t-michael-[480|900|1400].webp; -[480|900].avif; -900.png","background removed, monochrome, edge-refined"
"r-t-chernor","https://www.pexels.com/photo/cheerful-young-black-man-smiling-at-camera-5984158/","Dapo Abideen / Pexels","team PLACEHOLDER (replace with real photo)","assets/img/r-t-chernor-[480|900|1400].webp; -[480|900].avif; -900.png","background removed, monochrome, edge-refined"
"r-t-ahmed","https://www.pexels.com/photo/cheerful-black-man-on-gray-background-6999225/","Monstera Production / Pexels","team PLACEHOLDER (replace with real photo)","assets/img/r-t-ahmed-[480|900|1400].webp; -[480|900].avif; -900.png","background removed, monochrome, edge-refined"
"hero-suit","https://www.pexels.com/photo/black-man-posing-in-suit-17350030/","Andy Coffie / Pexels","Pexels (illustrative)","assets/img/hero-suit-[480|900|1400].webp; -[480|900].avif; -900.png","background removed, monochrome, edge-refined"
"vocalist-studio","https://www.pexels.com/photo/photo-of-woman-singing-in-music-studio-2531728/","Papa Yaw / Pexels","Pexels (illustrative)","assets/img/vocalist-studio-[480|900|1400].webp; -[480|900].avif; -900.png","background removed, monochrome, edge-refined"
"singer-hat","https://www.pexels.com/photo/smiling-man-singing-while-holding-his-black-hat-8043759/","ANTONI SHKRABA production / Pexels","Pexels (illustrative)","assets/img/singer-hat-[480|900|1400].webp; -[480|900].avif; -900.png","background removed, monochrome, edge-refined"
"headphones-hoodie","https://www.pexels.com/photo/man-in-black-hoodie-wearing-headphones-11975320/","Emmanuel Jason Eliphalet / Pexels","Pexels (illustrative)","assets/img/headphones-hoodie-[480|900|1400].webp; -[480|900].avif; -900.png","background removed, monochrome, edge-refined"
"headphones-glasses","https://www.pexels.com/photo/portrait-photo-of-smiling-woman-in-black-top-and-glasses-wearing-white-headphones-3765147/","Andrea Piacquadio / Pexels","Pexels (illustrative)","assets/img/headphones-glasses-[480|900|1400].webp; -[480|900].avif; -900.png","background removed, monochrome, edge-refined"
"singer-side","https://www.pexels.com/photo/side-view-of-a-man-singing-while-holding-a-microphone-8043715/","ANTONI SHKRABA production / Pexels","Pexels (illustrative)","assets/img/singer-side-[480|900|1400].webp; -[480|900].avif; -900.png","background removed, monochrome, edge-refined"
"singer-red","https://www.pexels.com/photo/a-woman-holding-a-microphone-8043840/","ANTONI SHKRABA production / Pexels","Pexels (illustrative)","assets/img/singer-red-[480|900|1400].webp; -[480|900].avif; -900.png","background removed, monochrome, edge-refined"
"guitarist","https://www.pexels.com/photo/man-playing-acoustic-guitar-20576428/","Nduwa Siachaba / Pexels","Pexels (illustrative)","assets/img/guitarist-[480|900|1400].webp; -[480|900].avif; -900.png","background removed, monochrome, edge-refined"
"djembe","https://www.pexels.com/photo/a-man-playing-a-djembe-on-a-field-10433635/","cottonbro studio / Pexels","Pexels (illustrative)","assets/img/djembe-[480|900|1400].webp; -[480|900].avif; -900.png","background removed, monochrome, edge-refined"
"seated-studio","https://www.pexels.com/photo/casual-studio-portrait-of-a-man-in-black-30069255/","josh_ dago__ / Pexels","Pexels (illustrative)","assets/img/seated-studio-[480|900|1400].webp; -[480|900].avif; -900.png","background removed, monochrome, edge-refined"
"trumpet","https://www.pexels.com/photo/grayscale-photo-of-a-man-playing-trumpet-11662074/","Alfo Medeiros / Pexels","Pexels (illustrative)","assets/img/trumpet-[480|900|1400].webp; -[480|900].avif; -900.png","background removed, monochrome, edge-refined"
"headwrap","https://www.pexels.com/photo/portrait-of-beautiful-african-woman-11440539/","Ottun Abdulmalik / Pexels","Pexels (illustrative)","assets/img/headwrap-[480|900|1400].webp; -[480|900].avif; -900.png","background removed, monochrome, edge-refined"
